model_self_play,accuracy_pct,cost_per_task_usd,plan_input_tokens,plan_output_tokens,exec_input_tokens,exec_output_tokens,exec_cached_tokens
GPT-5.4,44.7,0.02895934,55371,96649,1890839,30859,1105664
Claude-Opus-4.6,45.300000000000004,0.24040090666666666,61375,180340,8125692,127686,3869492
MiniMax-M2.7,48.699999999999996,0.013903957866666667,55125,111906,8186883,175185,6425212
GLM-5.1,54.7,0.08786198333333332,54958,73549,29357291,223968,25424320
